birmingham,oxford
birmingham,redditch
birmingham,coventry
birmingham,tamworth
birmingham,walsall
birmingham,dudley
birmingham,worcester
birmingham,gloucester
oxford,birmingham
oxford,redditch
redditch,birmingham
redditch,oxford
redditch,gloucester
coventry,birmingham
tamworth,birmingham
tamworth,burton-on-trent
walsall,birmingham
walsall,burton-on-trent
dudley,birmingham
worcester,birmingham
worcester,gloucester
gloucester,birmingham
gloucester,redditch
gloucester,worcester
burton-on-trent,tamworth
burton-on-trent,walsall
