derby,belper
birmingham,worcester
birmingham,dudley
birmingham,oxford
birmingham,coventry
birmingham,wallsall
birmingham,tamworth
burtonOnTrent,wallsall
burtonOnTrent,tamworth
burtonOnTrent,stone
burtonOnTrent,derby
cannock,wallsall
cannock,wolverhampton
cannock,breweryFarms.c
cannock,stafford
coalbrookdale,shrewsbury
coalbrookdale,wolverhampton
coalbrookdale,kidderminster
derby,nottingham
dudley,kidderminster
dudley,wolverhampton
kidderminster,worcester
leek,stokeOnTrent
tamworth,nuneaton
redditch,gloucester
redditch,oxford
stafford,stone
stone,stokeOnTrent
stokeOnTrent,warrington
wolverhampton,wallsall
worcester,gloucester
